Last Name,Money Available,Username,ID,Password,TicketMiner Membership,Concerts Purchased,First Name
Mouse,1985.39,mickeymouse,1,Fun!23,false,0,Mickey
Duck,2405.1,donaldduck,2,Fun!23,true,0,Donald
Mouse,5200.66,minniemouse,3,Fun!23,true,0,Minnie
Disney,2958.65,goofydisney,4,Fun!23,true,0,Goofy
Disney,5010.93,plutodisney,5,Fun!23,true,0,Pluto
Disney,2432.39,chipdisney,6,Fun!23,true,0,Chip
Disney,3423.5,daledisney,7,Fun!23,true,0,Dale
Disney,4067.84,cinderelladisney,8,Fun!23,false,0,Cinderella
Disney,2959.16,arieldisney,9,Fun!23,true,0,Ariel
Disney,3270.71,jasminedisney,10,Fun!23,true,0,Jasmine
Disney,3823.05,aladdindisney,11,Fun!23,false,0,Aladdin
Disney,4344.68,simbadisney,12,Fun!23,true,0,Simba
Disney,2779.37,mufassadisney,13,Fun!23,false,0,Mufassa
Disney,2709.84,auroradisney,14,Fun!23,true,0,Aurora
Pan,5349.85,peterpan,15,Fun!23,false,0,Peter
Disney,4246.07,woodydisney,16,Fun!23,false,0,Woody
Lightyear,3114.31,buzzlightyear,17,Fun!23,false,0,Buzz
Aladdin,1957.13,jafaraladdin,18,Fun!23,true,0,Jafar
Mermaid,1239.52,urselamermaid,19,Fun!23,false,0,Ursela
Disney,4485.71,beastdisney,20,Fun!23,true,0,Beast
Disney,1485.09,belledisney,21,Fun!23,false,0,Belle
DeVil,3739.87,cruelladevil,22,Fun!23,true,0,Cruella
Lion,3044.26,scarlion,23,Fun!23,false,0,Scar
King,4291.42,simbaking,24,Fun!23,true,0,Simba
Disney,3198.12,gastondisney,25,Fun!23,true,0,Gaston
Khan,4045.9,sherekhan,26,Fun!23,true,0,Shere
Hook,1098.4,captaiinhook,27,Fun!23,true,0,Captaiin
Disney,5490.18,kaadisney,28,Fun!23,true,0,Kaa
Queen,1045.35,evilqueen,29,Fun!23,false,0,Evil
Disney,4924.38,pinocchiodisney,30,Fun!23,true,0,Pinocchio
Eric,4223.61,princeeric,31,Fun!23,true,0,Prince
Disney,2611.35,quasimododisney,32,Fun!23,false,0,Quasimodo
Disney,5949.08,herculesdisney,33,Fun!23,true,0,Hercules
Disney,4984.05,mulandisney,34,Fun!23,true,0,Mulan
Disney,2530.1,lilodisney,35,Fun!23,false,0,Lilo
Disney,5762.34,stitchdisney,36,Fun!23,false,0,Stitch
Mejia,4263.39,danielmejia,37,Fun!23,true,0,Daniel
Nouri,5036.04,alirezanouri,38,Fun!23,false,0,Alireza
Alderete,5011.42,samalderete,39,Fun!23,false,0,Sam
Alonso,1814.69,carloalonso,40,Fun!23,true,0,Carlo
Argumedo,3643.75,argumedogael,41,Fun!23,true,0,Gael
Ayala Vilchis,4964.59,ayala vilchiskevin,42,Fun!23,true,0,Kevin
Bai,973.89,baidavid,43,Fun!23,true,0,David
Barraza-Villa,5849.98,barraza-villaemmanuel,44,Fun!23,false,0,Emmanuel
Bautista,4008.37,bautistaangel,45,Fun!23,true,0,Angel
Betancourt,5496.8,betancourtjohnmichael,46,Fun!23,false,0,JohnMichael
Burns,4617.7,burnssaul,47,Fun!23,true,0,Saul
Campos,4475.33,camposcaelyn,48,Fun!23,true,0,Caelyn
Cardenas,3998.07,cardenasdaniel,49,Fun!23,false,0,Daniel
Carrejo,2763.43,carrejozachary,50,Fun!23,false,0,Zachary
Carreon,1875.97,carreonluis,51,Fun!23,false,0,Luis
Casillas,4513.52,casillasanthony,52,Fun!23,true,0,Anthony
Casio Iracheta,4687.22,casio irachetabrian,53,Fun!23,false,0,Brian
Close,3349.43,closemichael,54,Fun!23,true,0,Michael
Dean,4170.81,deanridley,55,Fun!23,true,0,Ridley
Dominguez-Flores,3474.65,dominguez-floressam,56,Fun!23,false,0,Sam
Draduk,5943.89,draduktenzin,57,Fun!23,true,0,Tenzin
Duron,961.13,duronmaria,58,Fun!23,false,0,Maria
Enriquez,4215.93,enriquezmatthieu,59,Fun!23,true,0,Matthieu
Esquivel,924,esquivellucas,60,Fun!23,false,0,Lucas
Fang,5891.69,fangevelyn,61,Fun!23,false,0,Evelyn
Fernandez,3592.46,fernandezemily,62,Fun!23,false,0,Emily
Fernandez,1478.49,fernandezeugenio,63,Fun!23,true,0,Eugenio
Flores De La O,3884.18,flores de la ojavier,64,Fun!23,false,0,Javier
Galarza,3072.98,galarzaabigail,65,Fun!23,true,0,Abigail
Garcia,3597,garciafrancisco,66,Fun!23,true,0,Francisco
Garcia Camarena,5372.59,garcia camarenaoliver,67,Fun!23,true,0,Oliver
Gomez,1376.56,gomezjonathan,68,Fun!23,true,0,Jonathan
Gonzalez,4904.21,gonzalezmaurizio,69,Fun!23,false,0,Maurizio
Huerta,2408.23,huertaemiliano,70,Fun!23,true,0,Emiliano
Hyder,2985.13,hyderanisa,71,Fun!23,true,0,Anisa
Johnson,2492.8,johnsonisaiah,72,Fun!23,false,0,Isaiah
Levario Alvarez,2525.7,levario alvarezarmando,73,Fun!23,false,0,Armando
Macias,4219.42,maciasmiranda,74,Fun!23,false,0,Miranda
Marin,1265.4,marincarlos,75,Fun!23,false,0,Carlos
Marquez,5393.09,marquezalex,76,Fun!23,false,0,Alex
Marquez,2573.04,marquezsebastian,77,Fun!23,true,0,Sebastian
Martin,4450.42,martincia,78,Fun!23,false,0,Cia
Martinez,5834.82,martinezpatty,79,Fun!23,false,0,Patty
Melendez Cepeda,989.62,melendez cepedathiaxi,80,Fun!23,false,0,Thiaxi
Molina-Najera,2589.66,molina-najeradaniela,81,Fun!23,true,0,Daniela
Montellano Pinon,4691.67,montellano pinondaniel,82,Fun!23,true,0,Daniel
Morales,4604.79,moralesdaniel,83,Fun!23,true,0,Daniel
Munoz,5849.13,munozjesus,84,Fun!23,false,0,Jesus
Ng,1257.55,nghenry,85,Fun!23,false,0,Henry
Nino Morales,3955.61,nino moralesisai,86,Fun!23,true,0,Isai
Ortiz,3227.74,ortizjason,87,Fun!23,true,0,Jason
Ortiz Zarate,5632.48,ortiz zaratejose,88,Fun!23,true,0,Jose
Pandey,860.76,pandeyaadvika,89,Fun!23,true,0,Aadvika
Pena,1961.08,penafrida,90,Fun!23,false,0,Frida
Pena Ramos,5293.81,pena ramoselian,91,Fun!23,true,0,Elian
Perez Quinones,1301.96,perez quinoneseloy,92,Fun!23,true,0,Eloy
Quinones,5058.43,quinonesisabel,93,Fun!23,false,0,Isabel
Ramirez-Salinas,4700.87,ramirez-salinasalexa,94,Fun!23,false,0,Alexa
Rappa,2259.81,rappacarlos,95,Fun!23,false,0,Carlos
Renteria,3729.91,renteriamiguel,96,Fun!23,true,0,Miguel
Reyes,3700.32,reyesjuan,97,Fun!23,true,0,Juan
Rios-Lozano,4093.6,rios-lozanomartha,98,Fun!23,false,0,Martha
Romero,3245,romeroraphael,99,Fun!23,false,0,Raphael
Ronquillo,5155.97,ronquillojonus,100,Fun!23,true,0,Jonus
Rosas,2701.52,rosasmalachi,101,Fun!23,false,0,Malachi
Ruvalcaba,3715.44,ruvalcabajairo,102,Fun!23,true,0,Jairo
Salazar,5547.06,salazarares,103,Fun!23,false,0,Ares
Sanchez,1374.36,sanchezdiego,104,Fun!23,false,0,Diego
Sifuentes,5072.5,sifuentesadrian,105,Fun!23,false,0,Adrian
Solano,1128.42,solanoalejandro,106,Fun!23,true,0,Alejandro
Sosa,5609.48,sosasabina,107,Fun!23,false,0,Sabina
Tarango,3357.38,tarangoalondra,108,Fun!23,true,0,Alondra
Tovar,5390.18,tovargabriel,109,Fun!23,true,0,Gabriel
Ucol,825.05,ucolbrenden,110,Fun!23,true,0,Brenden
Vargas,4502.07,vargasfernando,111,Fun!23,false,0,Fernando
Villamil Cabrera,4068.68,villamil cabreraalan,112,Fun!23,true,0,Alan
Zamorano,3546.86,zamoranoadan,113,Fun!23,true,0,Adan
Zepeda-Rodriguez,2172.72,zepeda-rodriguezluis,114,Fun!23,true,0,Luis
Rock,1204.15,rockkid,115,Fun!23,true,0,Kid
Cuddi,3850.41,cuddikid,116,Fun!23,false,0,Kid
Lopez,999.93,lopezvictoria,117,Fun!23,false,0,Victoria
Durulo,3224.36,durulojason,118,Fun!23,false,0,Jason
Perez,1318.95,perezchristina,119,Fun!23,false,0,Christina
Flores,4648.03,floresarturo,120,Fun!23,true,0,Arturo
Rojero,1583.17,rojeroemilio,121,Fun!23,false,0,Emilio
Mejia,1862.3,mejiadaniel,122,Fun!23,true,0,Daniel
Loya,3932.97,loyadenisse,123,Fun!23,false,0,Denisse
Ortiz,5871.13,ortizfatima,124,Fun!23,false,0,Fatima
Escobar,5869.5,escobarpablo,125,Fun!23,false,0,Pablo
Vergara,3511.08,vergarasofia,126,Fun!23,true,0,Sofia
Lopez,2740.75,lopezgeorge,127,Fun!23,true,0,George
Holland,1160.4,hollandtom,128,Fun!23,false,0,Tom
Wang,1758.43,wangvera,129,Fun!23,false,0,Vera
Gonzalez,4051.91,gonzalezalondra,130,Fun!23,true,0,Alondra
Gaytan,4554.93,gaytanisabela,131,Fun!23,false,0,Isabela
Fernadez,3438.76,fernadezestefania,132,Fun!23,true,0,Estefania
Villa,3239.42,villaandrea,133,Fun!23,false,0,Andrea
Mariscal,3522.35,mariscalalondra,134,Fun!23,true,0,Alondra
Apodaca,1174.49,apodacaximena,135,Fun!23,true,0,Ximena
Rodriguez,5805.08,rodriguezjulieta,136,Fun!23,true,0,Julieta
Reyes,4988.85,reyesdaniel,137,Fun!23,false,0,Daniel
Zhu,5917.24,zhucindy,138,Fun!23,true,0,Cindy
Mayers,4112.52,mayersjake,139,Fun!23,true,0,Jake
Beltran,1701.02,beltranurvi,140,Fun!23,false,0,Urvi
Garcia,2587.55,garciaemiliano,141,Fun!23,true,0,Emiliano
Guzman,1441.7,guzmanfernando,142,Fun!23,true,0,Fernando
Armado,1160.95,armadoluis,143,Fun!23,false,0,Luis
Learning,3769.57,learningdeep,144,Fun!23,false,0,Deep
Learning,4171.15,learningmachine,145,Fun!23,true,0,Machine
Last,1621.38,lastfirst,146,Fun!23,false,0,First
Name,1334.53,namerandom,147,Fun!23,true,0,Random
Whittman,4627.2,whittmanavery,148,Fun!23,true,0,Avery
Miguel,3213.48,miguelluis,149,Fun!23,false,0,Luis
Rodriguez,4983.81,rodriguezana,150,Fun!23,false,0,Ana
Fan,5009.56,fansports,151,Fun!23,true,0,Sports
Westbrook,3129.1,westbrookrussel,152,Fun!23,true,0,Russel
Prescot,2118.78,prescotdak,153,Fun!23,false,0,Dak
Harden,5294.3,hardenjames,154,Fun!23,true,0,James
James,1486.54,jameslebron,155,Fun!23,false,0,Lebron
Green,864.88,greendraymond,156,Fun!23,true,0,Draymond
Thompson,4904.39,thompsonklay,157,Fun!23,false,0,Klay
Curry,2245.73,currystephen,158,Fun!23,false,0,Stephen
Burton,4779.86,burtonkendra,159,Fun!23,false,0,Kendra
King,1055.59,kingburger,160,Fun!23,true,0,Burger
Bell,4878.08,belltaco,161,Fun!23,false,0,Taco
Bottle,3891.04,bottlewater,162,Fun!23,true,0,Water
